time_s,estimated_f0_Hz
2.499999999999502620e-03,nan
7.499999999999840128e-03,nan
1.249999999999973355e-02,nan
1.749999999999962697e-02,nan
2.249999999999952038e-02,nan
2.749999999999985789e-02,nan
3.249999999999975131e-02,nan
3.749999999999964473e-02,nan
4.249999999999953815e-02,nan
4.749999999999987566e-02,nan
5.249999999999976907e-02,nan
5.749999999999966249e-02,nan
6.249999999999955591e-02,nan
6.749999999999944933e-02,nan
7.249999999999978684e-02,nan
7.749999999999968026e-02,nan
8.249999999999957367e-02,nan
8.749999999999946709e-02,nan
9.249999999999980460e-02,nan
9.749999999999969802e-02,nan
1.024999999999995914e-01,nan
1.074999999999994849e-01,8.824906003464185744e+01
1.124999999999998224e-01,8.834908790797020117e+01
1.174999999999997158e-01,8.837468886270617929e+01
1.224999999999996092e-01,8.819517993982621817e+01
1.274999999999995026e-01,8.712660432186622472e+01
1.324999999999998401e-01,8.703255166779540275e+01
1.374999999999997335e-01,8.510029423148482408e+01
1.424999999999996270e-01,8.510537215101905417e+01
1.474999999999995204e-01,8.309202094902694569e+01
1.524999999999998579e-01,8.305323555935203217e+01
1.574999999999997513e-01,8.293052877056814509e+01
1.624999999999996447e-01,8.027998126235442555e+01
1.674999999999995381e-01,7.710853973171130349e+01
1.724999999999998757e-01,7.486492785689877394e+01
1.774999999999997691e-01,nan
1.824999999999996625e-01,nan
1.874999999999995559e-01,nan
1.924999999999994493e-01,nan
1.974999999999997868e-01,nan
2.024999999999996803e-01,nan
2.074999999999995737e-01,nan
2.124999999999994671e-01,nan
2.174999999999998046e-01,nan
2.224999999999996980e-01,nan
2.274999999999995914e-01,nan
2.324999999999994849e-01,nan
2.374999999999998224e-01,nan
2.424999999999997158e-01,nan
2.474999999999996092e-01,nan
2.524999999999995026e-01,nan
2.574999999999998401e-01,nan
2.624999999999997335e-01,9.080141621074990610e+01
2.674999999999996270e-01,9.125965366286149560e+01
2.724999999999995204e-01,9.510060105337757363e+01
2.774999999999998579e-01,9.552484472055193976e+01
2.824999999999997513e-01,1.000026220621134740e+02
2.874999999999996447e-01,1.004435307548049678e+02
2.924999999999995381e-01,1.030910901104377899e+02
2.974999999999998757e-01,1.033058288888617682e+02
3.024999999999997691e-01,1.061039084607674710e+02
3.074999999999996625e-01,1.064508024345250163e+02
3.124999999999995559e-01,1.070146463380701363e+02
3.174999999999994493e-01,1.073851989431013578e+02
3.224999999999997868e-01,1.073673500130596778e+02
3.274999999999996803e-01,1.071518555648673612e+02
3.324999999999995737e-01,1.071647230976030158e+02
3.374999999999994671e-01,1.081404744193124543e+02
3.424999999999998046e-01,1.096989432822516761e+02
3.474999999999996980e-01,1.109266424876729928e+02
3.524999999999995914e-01,1.116942062439008794e+02
3.574999999999994849e-01,1.120855150766096529e+02
3.624999999999998224e-01,1.122379251880308288e+02
3.674999999999997158e-01,1.123447878537791382e+02
3.724999999999996092e-01,1.124945699891840718e+02
3.774999999999995026e-01,1.125973610486028633e+02
3.824999999999998401e-01,1.123716612349182356e+02
3.874999999999997335e-01,1.115980417851616835e+02
3.924999999999996270e-01,1.105358486768472233e+02
3.974999999999995204e-01,1.097684567884144684e+02
4.024999999999998579e-01,1.095334757793829397e+02
4.074999999999997513e-01,1.098344336651323658e+02
4.124999999999996447e-01,1.103701204855014879e+02
4.174999999999995381e-01,1.106619058284241532e+02
4.224999999999998757e-01,1.108946643996475387e+02
4.274999999999997691e-01,1.111245772099210569e+02
4.324999999999996625e-01,1.111952909938891878e+02
4.374999999999995559e-01,1.095929658410655492e+02
4.424999999999994493e-01,1.091845102339629392e+02
4.474999999999997868e-01,1.079311793995868385e+02
4.524999999999996803e-01,1.064460628250698306e+02
4.574999999999995737e-01,1.053169913284860115e+02
4.624999999999994671e-01,1.046841992478843366e+02
4.674999999999998046e-01,1.038852574388748309e+02
4.724999999999996980e-01,1.022078843106234700e+02
4.774999999999995914e-01,1.001997140691934050e+02
4.824999999999994849e-01,9.868144826526837221e+01
4.874999999999998224e-01,9.632747682377694787e+01
4.924999999999997158e-01,9.494802507533468372e+01
4.974999999999996092e-01,9.311640298728411835e+01
5.024999999999995026e-01,9.169429663720501367e+01
5.074999999999998401e-01,9.044482619518075239e+01
5.124999999999997335e-01,8.936602186586426910e+01
5.174999999999996270e-01,8.849777793338809317e+01
5.224999999999995204e-01,8.777736788132388313e+01
5.274999999999998579e-01,8.727123743833570302e+01
5.324999999999997513e-01,8.687876161422840937e+01
5.374999999999996447e-01,8.652058114850254356e+01
5.424999999999995381e-01,8.623994536492416785e+01
5.474999999999998757e-01,8.598166901582351329e+01
5.524999999999997691e-01,8.580335059385696184e+01
5.574999999999996625e-01,8.558556585385913706e+01
5.624999999999995559e-01,8.515931365103278949e+01
5.674999999999994493e-01,8.470598087374517604e+01
5.724999999999997868e-01,8.442759417126242738e+01
5.774999999999996803e-01,8.153540377913003567e+01
5.824999999999995737e-01,8.160906012237812490e+01
5.874999999999994671e-01,8.139390506074208531e+01
5.924999999999998046e-01,8.097167261207439992e+01
5.974999999999996980e-01,8.054433766067494105e+01
6.024999999999995914e-01,8.010312589822910923e+01
6.074999999999994849e-01,7.968169276093617270e+01
6.124999999999998224e-01,7.949993016366950371e+01
6.174999999999997158e-01,7.939197853042064423e+01
6.224999999999996092e-01,7.911497388849899437e+01
6.274999999999995026e-01,7.855940264926772443e+01
6.324999999999998401e-01,7.816251386367268594e+01
6.374999999999997335e-01,7.779250563680902530e+01
6.424999999999996270e-01,7.671009471526896561e+01
6.474999999999995204e-01,7.624873261366946053e+01
6.524999999999998579e-01,7.563014152408197788e+01
6.574999999999997513e-01,7.503225462001141466e+01
6.624999999999996447e-01,7.479849129959907827e+01
6.674999999999995381e-01,7.451146739070287595e+01
6.724999999999998757e-01,6.611712537972029224e+01
6.774999999999997691e-01,6.610916032173432200e+01
6.824999999999996625e-01,6.620431391674911481e+01
6.874999999999995559e-01,6.626024901040214843e+01
6.924999999999998934e-01,6.626310877588787207e+01
6.974999999999997868e-01,6.626165648372392525e+01
7.024999999999996803e-01,nan
7.074999999999995737e-01,nan
7.124999999999994671e-01,nan
7.175000000000002487e-01,nan
7.225000000000001421e-01,nan
7.275000000000000355e-01,nan
7.324999999999999289e-01,nan
7.374999999999998224e-01,nan
7.424999999999997158e-01,nan
7.475000000000004974e-01,nan
7.525000000000003908e-01,nan
7.575000000000002842e-01,nan
7.625000000000001776e-01,nan
7.675000000000000711e-01,nan
7.724999999999999645e-01,nan
7.774999999999998579e-01,nan
7.824999999999997513e-01,nan
7.875000000000005329e-01,nan
7.925000000000004263e-01,nan
7.975000000000003197e-01,nan
8.025000000000002132e-01,nan
8.075000000000001066e-01,nan
8.125000000000000000e-01,nan
8.174999999999998934e-01,nan
8.224999999999997868e-01,nan
8.274999999999996803e-01,nan
8.325000000000004619e-01,nan
8.375000000000003553e-01,nan
8.425000000000002487e-01,nan
8.475000000000001421e-01,nan
8.525000000000000355e-01,nan
8.574999999999999289e-01,nan
8.624999999999998224e-01,nan
8.674999999999997158e-01,nan
8.725000000000004974e-01,nan
8.775000000000003908e-01,7.852326622348486751e+01
8.825000000000002842e-01,7.835875545310497614e+01
8.875000000000001776e-01,7.794948404485791116e+01
8.925000000000000711e-01,7.726984601098968142e+01
8.974999999999999645e-01,7.696707392231853362e+01
9.024999999999998579e-01,7.667193370754536375e+01
9.074999999999997513e-01,7.638280496356745175e+01
9.125000000000005329e-01,7.599968870343818139e+01
9.175000000000004263e-01,7.560422522198990691e+01
9.225000000000003197e-01,7.545575830701805842e+01
9.275000000000002132e-01,7.545159626500542061e+01
9.325000000000001066e-01,7.546167728189152513e+01
9.375000000000000000e-01,7.535106039603779493e+01
9.424999999999998934e-01,7.498892229726351388e+01
9.474999999999997868e-01,7.459992588209524911e+01
9.524999999999996803e-01,7.442760324021433860e+01
9.575000000000004619e-01,7.331341078996636895e+01
9.625000000000003553e-01,7.289921009868112378e+01
9.675000000000002487e-01,7.270536891964860615e+01
9.725000000000001421e-01,7.236563405350364064e+01
9.775000000000000355e-01,7.213554527690203599e+01
9.824999999999999289e-01,7.213544777394804441e+01
9.874999999999998224e-01,7.215869559526861110e+01
9.924999999999997158e-01,7.204845295047896059e+01
9.975000000000004974e-01,7.184096242091531792e+01
1.002500000000000391e+00,7.163431722015162961e+01
1.007500000000000284e+00,7.143015524743870515e+01
1.012500000000000178e+00,7.124422328987222386e+01
1.017500000000000071e+00,7.120901367535809356e+01
1.022499999999999964e+00,7.140577735586610686e+01
1.027499999999999858e+00,7.164697680968632199e+01
1.032499999999999751e+00,7.197652973347953775e+01
1.037500000000000533e+00,7.253690869603163094e+01
1.042500000000000426e+00,7.296154554565946171e+01
1.047500000000000320e+00,7.341513297264349092e+01
1.052500000000000213e+00,7.443362677230561530e+01
1.057500000000000107e+00,7.535029297510195079e+01
1.062500000000000000e+00,7.622712814337609188e+01
1.067499999999999893e+00,7.730968093919933892e+01
1.072499999999999787e+00,7.820327698097931091e+01
1.077500000000000568e+00,7.926297047732590784e+01
1.082500000000000462e+00,8.025061365184583906e+01
1.087500000000000355e+00,8.049609983135765390e+01
1.092500000000000249e+00,8.030527594052726670e+01
1.097500000000000142e+00,8.004842920392887606e+01
1.102500000000000036e+00,7.993937771555020788e+01
1.107499999999999929e+00,7.993817572324145715e+01
1.112499999999999822e+00,7.983276691283187176e+01
1.117499999999999716e+00,7.954134320898874932e+01
1.122500000000000497e+00,7.898985456129918248e+01
1.127500000000000391e+00,7.824248636630527187e+01
1.132500000000000284e+00,7.702763258005971636e+01
1.137500000000000178e+00,7.536961557349945906e+01
1.142500000000000071e+00,7.651928442732888414e+01
1.147499999999999964e+00,7.936740562965910328e+01
1.152499999999999858e+00,7.846601281148471685e+01
1.157499999999999751e+00,7.550148114219409479e+01
1.162500000000000533e+00,7.469935293561634637e+01
1.167500000000000426e+00,7.471187995601955834e+01
1.172500000000000320e+00,7.489317822066193742e+01
1.177500000000000213e+00,7.476892073880439682e+01
1.182500000000000107e+00,7.433373155181841696e+01
1.187500000000000000e+00,7.415503689685344568e+01
1.192499999999999893e+00,7.407689222767095316e+01
1.197499999999999787e+00,7.404095404519706847e+01
1.202500000000000568e+00,7.209840846187910302e+01
1.207500000000000462e+00,7.074873950782620113e+01
1.212500000000000355e+00,7.026506615640566622e+01
1.217500000000000249e+00,nan
1.222500000000000142e+00,nan
1.227500000000000036e+00,nan
1.232499999999999929e+00,nan
1.237499999999999822e+00,nan
1.242499999999999716e+00,nan
1.247500000000000497e+00,nan
1.252500000000000391e+00,nan
1.257500000000000284e+00,nan
1.262500000000000178e+00,nan
1.267500000000000071e+00,nan
1.272499999999999964e+00,nan
1.277499999999999858e+00,nan
1.282499999999999751e+00,nan
1.287500000000000533e+00,nan
1.292500000000000426e+00,nan
1.297500000000000320e+00,nan
1.302500000000000213e+00,nan
1.307500000000000107e+00,nan
1.312500000000000000e+00,nan
1.317499999999999893e+00,nan
1.322499999999999787e+00,nan
1.327500000000000568e+00,nan
1.332500000000000462e+00,nan
1.337500000000000355e+00,nan
1.342500000000000249e+00,nan
1.347500000000000142e+00,nan
1.352500000000000036e+00,nan
1.357499999999999929e+00,nan
1.362499999999999822e+00,nan
1.367499999999999716e+00,nan
1.372500000000000497e+00,nan
1.377500000000000391e+00,nan
1.382500000000000284e+00,nan
1.387500000000000178e+00,nan
1.392500000000000071e+00,nan
1.397499999999999964e+00,nan
1.402499999999999858e+00,nan
1.407499999999999751e+00,nan
1.412500000000000533e+00,nan
1.417500000000000426e+00,nan
1.422500000000000320e+00,nan
1.427500000000000213e+00,nan
1.432500000000000107e+00,nan
1.437500000000000000e+00,nan
1.442499999999999893e+00,nan
1.447499999999999787e+00,nan
1.452500000000000568e+00,nan
1.457500000000000462e+00,nan
1.462500000000000355e+00,nan
1.467500000000000249e+00,nan
1.472500000000000142e+00,nan
1.477500000000000036e+00,nan
1.482499999999999929e+00,nan
1.487499999999999822e+00,nan
1.492499999999999716e+00,nan
1.497500000000000497e+00,nan
