frequency_Hz,alpha_f,L_U_dB,T_f_dB,20_phon_dBSPL,40_phon_dBSPL,60_phon_dBSPL,80_phon_dBSPL
20.0,0.635,-31.5,78.1,89.5444784185456,99.7431403981907,109.36806643681697,118.86041794076968
25.0,0.602,-27.2,68.7,82.8665227714549,93.9424757623326,104.16298909126007,114.19212398251463
31.5,0.569,-23.1,59.5,76.2872424209895,88.20814469188005,99.0628714397377,109.68359513547648
40.0,0.537,-19.3,51.1,69.93485931450776,82.6623501540996,94.18315445229055,105.44135854297916
50.0,0.509,-16.1,44.0,64.30494426022291,77.76869267871658,89.93040790749347,101.80962621558024
63.0,0.482,-13.1,37.5,58.759662690719914,72.9626500520163,85.80266609075464,98.34661427953102
80.0,0.456,-10.4,31.5,53.36966104172608,68.33088579982305,81.89276480736062,95.14949907663413
100.0,0.433,-8.2,26.5,48.573261403512376,64.23968784605395,78.50401616215893,92.4606423967346
125.0,0.412,-6.3,22.1,44.100104862592836,60.439454093205484,75.40537160193043,90.06728648673146
160.0,0.391,-4.6,17.9,39.60821826180527,56.64793796177981,72.38110500204057,87.82171712346398
200.0,0.373,-3.2,14.4,35.633869914488045,53.28351031805867,69.73120125565804,85.90615679071635
250.0,0.357,-2.1,11.4,32.0865557909753,50.285179863216996,67.4178656702162,84.30511227191668
315.0,0.343,-1.2,8.6,28.873425191125687,47.58358927267955,65.3645623848297,82.92866218168545
400.0,0.33,-0.5,6.2,25.924717005306398,45.09239173528542,63.51066102231193,81.75121140894974
500.0,0.32,0.0,4.4,23.62213435891172,43.12899346541086,62.06265561486302,80.85840152179829
630.0,0.311,0.4,3.0,21.589377599653147,41.35430934568024,60.76308846240909,80.08472346142368
800.0,0.303,0.5,2.2,20.05524806376165,39.99013919731669,59.82531233375437,79.6356181556101
1000.0,0.3,0.0,2.4,20.0,40.0,60.0,80.0
1250.0,0.295,-2.7,3.5,21.43195414267262,41.78153993549909,62.12318507519025,82.46283673688497
1600.0,0.292,-4.2,1.7,21.503474946132563,42.55570792116814,63.22768250002194,83.8066206189882
2000.0,0.29,-1.2,-1.3,18.153281617653178,39.21566065187469,59.99750003755257,80.71022194131946
2500.0,0.29,1.4,-4.2,15.472033948983642,36.59579456254339,57.39254299222025,78.1089788583838
3150.0,0.289,2.3,-6.0,14.155369349710483,35.46565035505269,56.36171199924145,77.15663270540155
4000.0,0.289,1.0,-5.4,15.275428536248317,36.72227013991427,57.650924402631674,78.45392977617051
5000.0,0.289,-2.3,-1.5,18.729281243993615,40.05933657080824,60.96014046071209,81.75623885181258
6300.0,0.293,-7.2,6.0,25.027757398841782,45.80973947526401,66.36298745506028,86.85969071612037
8000.0,0.303,-11.2,12.6,31.393123637847083,51.60086874623501,71.50299263455258,91.33001822291048
10000.0,0.323,-10.9,13.9,34.66718582757832,54.38223518131656,73.22969125152886,91.87291313761419
12500.0,0.354,-3.5,12.3,32.98426951297411,51.306071685706165,68.57716757095461,85.60587824460649
